Datum,MCV,MCH,MCHC,Resultat
2025-03-23 15:38:49,6.764705882352942,1.2941176470588236,19.130434782608695,"Hypochrom, Mikrozytär"
