Datum,MCV,MCH,MCHC,Resultat
2025-03-23 14:41:05,5.555555555555555,0.5111111111111111,9.2,"Hypochrom, Mikrozytär"
